<prezi xsi:schemaLocation="http://prezi.com/schema/prezi/2 http://prezi.com/schema/prezi/2" xmlns:xsi="http://www.w3.org/2001/XMLSchema-instance" version="2" xmlns="http://prezi.com/schema/prezi/2"><xFields><xField name="preziType"><xEnum type="PreziType" value="converted-from-core"/></xField></xFields><background><background><layers><array><backgroundImage><depth><double value="158.83043849350616"/></depth><fadeScale><double value="0.013851249299988223"/></fadeScale><width><double value="1291"/></width><height><double value="720"/></height><onlineAssetId><string value="881273605"/></onlineAssetId><onlineAssetUrl><string value="http://0103.static.prezi.com.s3.amazonaws.com/media/c/7/f/441c333ece868bdf22cb7c286587485d33288.png"/></onlineAssetUrl><assetSourceFilename><string value="bokeh6.png"/></assetSourceFilename><localToWorld><transform2D x="0" y="0" scale="401.201275677972" rotation="0"/></localToWorld></backgroundImage></array></layers></background></background><documentStyle><documentStyle><fontClasses><array><fontClass><fontFamily><string value="Arimo"/></fontFamily><name><string value="body"/></name></fontClass><fontClass><fontFamily><string value="Arimo"/></fontFamily><fontWeight><fontWeight value="bold"/></fontWeight><name><string value="head"/></name></fontClass><fontClass><fontFamily><string value="Arimo"/></fontFamily><fontWeight><fontWeight value="bold"/></fontWeight><name><string value="strong"/></name></fontClass></array></fontClasses><fontFamilies><array><fontFamily><fontFaces><array><fontFace><fontSrc><string value="Arimo-Regular.keg"/></fontSrc></fontFace><fontFace><fontSrc><string value="Arimo-Bold.keg"/></fontSrc><fontWeight><fontWeight value="bold"/></fontWeight></fontFace><fontFace><fontSrc><string value="Arimo-Bold.keg"/></fontSrc><fontWeight><fontWeight value="bold"/></fontWeight></fontFace><fontFace><fontSrc><string value="Arimo-Italic.keg"/></fontSrc><fontStyle><fontStyle value="italic"/></fontStyle></fontFace><fontFace><fontSrc><string value="Arimo-BoldItalic.keg"/></fontSrc><fontStyle><fontStyle value="italic"/></fontStyle><fontWeight><fontWeight value="bold"/></fontWeight></fontFace></array></fontFaces><name><string value="Arimo"/></name></fontFamily></array></fontFamilies><styleDeclarations><array><styleDeclaration><styleBlock><styleBlock><gradEndAlpha><double value="0.7"/></gradEndAlpha><gradStartAlpha><double value="0.5"/></gradStartAlpha></styleBlock></styleBlock><styleSelector><simpleSelector value="zCircle"/></styleSelector></styleDeclaration><styleDeclaration><styleBlock><styleBlock><color><color value="#3682A2"/></color><gradEndAlpha><double value="1"/></gradEndAlpha><gradEndColor><color value="#FFFFFF"/></gradEndColor><gradStartColor><color value="#FFFFFF"/></gradStartColor><fillType><fillType value="linear"/></fillType><borderAlpha><double value="0"/></borderAlpha><borderColor><color value="#3682A2"/></borderColor></styleBlock></styleBlock><styleSelector><simpleSelector value="*.line1"/></styleSelector></styleDeclaration><styleDeclaration><styleBlock><styleBlock><color><color value="#000000"/></color><gradEndAlpha><double value="1"/></gradEndAlpha><gradEndColor><color value="#333333"/></gradEndColor><gradStartColor><color value="#333333"/></gradStartColor><fillType><fillType value="linear"/></fillType><borderColor><color value="#000000"/></borderColor></styleBlock></styleBlock><styleSelector><simpleSelector value="*.line2"/></styleSelector></styleDeclaration><styleDeclaration><styleBlock><styleBlock><color><color value="#656FA0"/></color><gradEndAlpha><double value="1"/></gradEndAlpha><gradEndColor><color value="#656FA0"/></gradEndColor><gradStartColor><color value="#656FA0"/></gradStartColor><fillType><fillType value="linear"/></fillType><borderColor><color value="#656FA0"/></borderColor></styleBlock></styleBlock><styleSelector><simpleSelector value="*.line3"/></styleSelector></styleDeclaration><styleDeclaration><styleBlock><styleBlock><color><color value="#A19CF6"/></color><gradEndAlpha><double value="1"/></gradEndAlpha><gradEndColor><color value="#A6E456"/></gradEndColor><gradStartColor><color value="#A6E456"/></gradStartColor><fillType><fillType value="linear"/></fillType><borderAlpha><double value="0"/></borderAlpha><borderColor><color value="#A19CF6"/></borderColor></styleBlock></styleBlock><styleSelector><simpleSelector value="*.line4"/></styleSelector></styleDeclaration><styleDeclaration><styleBlock><styleBlock><color><color value="#B431D9"/></color><gradEndAlpha><double value="1"/></gradEndAlpha><gradEndColor><color value="#B431D9"/></gradEndColor><gradStartColor><color value="#B431D9"/></gradStartColor><fillType><fillType value="linear"/></fillType><borderAlpha><double value="0"/></borderAlpha><borderColor><color value="#B431D9"/></borderColor></styleBlock></styleBlock><styleSelector><simpleSelector value="*.line5"/></styleSelector></styleDeclaration><styleDeclaration><styleBlock><styleBlock><color><color value="#6498B0"/></color><gradEndColor><color value="#FFFFFF"/></gradEndColor><gradStartColor><color value="#FFFFFF"/></gradStartColor><fillType><fillType value="linear"/></fillType><borderColor><color value="#3682A2"/></borderColor><borderThickness><double value="9"/></borderThickness></styleBlock></styleBlock><styleSelector><simpleSelector value="*.poly1"/></styleSelector></styleDeclaration><styleDeclaration><styleBlock><styleBlock><color><color value="#6498B0"/></color><gradEndAlpha><double value="0.4"/></gradEndAlpha><gradEndColor><color value="#000000"/></gradEndColor><gradStartAlpha><double value="0.9"/></gradStartAlpha><gradStartColor><color value="#333333"/></gradStartColor><fillType><fillType value="linear"/></fillType><borderColor><color value="#000000"/></borderColor><borderThickness><double value="0"/></borderThickness></styleBlock></styleBlock><styleSelector><simpleSelector value="*.poly2"/></styleSelector></styleDeclaration><styleDeclaration><styleBlock><styleBlock><color><color value="#6498B0"/></color><gradEndColor><color value="#656FA0"/></gradEndColor><gradStartColor><color value="#656FA0"/></gradStartColor><fillType><fillType value="linear"/></fillType><borderAlpha><double value="0"/></borderAlpha><borderColor><color value="#656FA0"/></borderColor><borderThickness><double value="9"/></borderThickness></styleBlock></styleBlock><styleSelector><simpleSelector value="*.poly3"/></styleSelector></styleDeclaration><styleDeclaration><styleBlock><styleBlock><color><color value="#6498B0"/></color><gradEndColor><color value="#A6E456"/></gradEndColor><gradStartColor><color value="#A6E456"/></gradStartColor><fillType><fillType value="linear"/></fillType><borderColor><color value="#A19CF6"/></borderColor><borderThickness><double value="0"/></borderThickness></styleBlock></styleBlock><styleSelector><simpleSelector value="*.poly4"/></styleSelector></styleDeclaration><styleDeclaration><styleBlock><styleBlock><color><color value="#6498B0"/></color><gradEndColor><color value="#B431D9"/></gradEndColor><gradStartColor><color value="#B431D9"/></gradStartColor><fillType><fillType value="linear"/></fillType><borderColor><color value="#B431D9"/></borderColor><borderThickness><double value="3"/></borderThickness></styleBlock></styleBlock><styleSelector><simpleSelector value="*.poly5"/></styleSelector></styleDeclaration><styleDeclaration><styleBlock><styleBlock><gradEndColor><color value="#3E65A3"/></gradEndColor><gradStartColor><color value="#8BCCBE"/></gradStartColor><fillType><fillType value="linear"/></fillType></styleBlock></styleBlock><styleSelector><simpleSelector value="background"/></styleSelector></styleDeclaration><styleDeclaration><styleBlock><styleBlock><gradEndAlpha><double value="0"/></gradEndAlpha><gradEndColor><color value="#FFFFFF"/></gradEndColor><gradStartAlpha><double value="1"/></gradStartAlpha><gradStartColor><color value="#FFFFFF"/></gradStartColor><fillType><fillType value="linear"/></fillType><borderAlpha><double value="1"/></borderAlpha><borderColor><color value="#FFFFFF"/></borderColor><borderThickness><double value="1"/></borderThickness><thickness><double value="10"/></thickness></styleBlock></styleBlock><styleSelector><simpleSelector value="zArrow"/></styleSelector></styleDeclaration><styleDeclaration><styleBlock><styleBlock><gradEndAlpha><double value="1"/></gradEndAlpha><gradStartAlpha><double value="1"/></gradStartAlpha><borderAlpha><double value="0"/></borderAlpha><radius><double value="0"/></radius><thickness><double value="100"/></thickness></styleBlock></styleBlock><styleSelector><simpleSelector value="zCircle"/></styleSelector></styleDeclaration><styleDeclaration><styleBlock><styleBlock><color><color value="#FFFFFF"/></color></styleBlock></styleBlock><styleSelector><simpleSelector value="zPencil"/></styleSelector></styleDeclaration><styleDeclaration><styleBlock><styleBlock><gradEndAlpha><double value="1"/></gradEndAlpha><gradEndColor><color value="#FFFFFF"/></gradEndColor><gradStartAlpha><double value="1"/></gradStartAlpha><gradStartColor><color value="#FFFFFF"/></gradStartColor><fillType><fillType value="linear"/></fillType><borderAlpha><double value="0"/></borderAlpha><borderColor><color value="#318BFF"/></borderColor><borderThickness><double value="0"/></borderThickness><thickness><double value="3"/></thickness></styleBlock></styleBlock><styleSelector><simpleSelector value="zBracketFrame"/></styleSelector></styleDeclaration><styleDeclaration><styleBlock><styleBlock><gradEndAlpha><double value="1"/></gradEndAlpha><gradEndColor><color value="#FFFFFF"/></gradEndColor><gradStartAlpha><double value="1"/></gradStartAlpha><gradStartColor><color value="#FFFFFF"/></gradStartColor><fillType><fillType value="linear"/></fillType><borderAlpha><double value="0"/></borderAlpha><borderColor><color value="#000000"/></borderColor><borderThickness><double value="3"/></borderThickness><thickness><double value="3"/></thickness></styleBlock></styleBlock><styleSelector><simpleSelector value="zCircleFrame"/></styleSelector></styleDeclaration><styleDeclaration><styleBlock><styleBlock><gradEndAlpha><double value="0.2"/></gradEndAlpha><gradEndColor><color value="#FFFFFF"/></gradEndColor><gradStartAlpha><double value="0"/></gradStartAlpha><gradStartColor><color value="#FFFFFF"/></gradStartColor><fillType><fillType value="linear"/></fillType><borderAlpha><double value="1"/></borderAlpha><borderColor><color value="#FFFFFF"/></borderColor><borderThickness><double value="6"/></borderThickness><radius><double value="1"/></radius><thickness><double value="4"/></thickness></styleBlock></styleBlock><styleSelector><simpleSelector value="zRectangleFrame"/></styleSelector></styleDeclaration><styleDeclaration><styleBlock><styleBlock><padding><double value="1.2"/></padding></styleBlock></styleBlock><styleSelector><simpleSelector value="zText"/></styleSelector></styleDeclaration><styleDeclaration><styleBlock><styleBlock><color><color value="#333333"/></color><fontClass><string value="body"/></fontClass></styleBlock></styleBlock><styleSelector><simpleSelector value="zText.body"/></styleSelector></styleDeclaration><styleDeclaration><styleBlock><styleBlock><backgroundAlpha><double value="0.8"/></backgroundAlpha><backgroundColor><color value="#FFFFFF"/></backgroundColor><backgroundPadding><double value="20"/></backgroundPadding></styleBlock></styleBlock><styleSelector><simpleSelector value="zText.body-background"/></styleSelector></styleDeclaration><styleDeclaration><styleBlock><styleBlock><color><color value="#FFFFFF"/></color><fontClass><string value="head"/></fontClass></styleBlock></styleBlock><styleSelector><simpleSelector value="zText.title"/></styleSelector></styleDeclaration><styleDeclaration><styleBlock><styleBlock><backgroundAlpha><double value="0.4"/></backgroundAlpha><backgroundColor><color value="#000000"/></backgroundColor><backgroundPadding><double value="6"/></backgroundPadding></styleBlock></styleBlock><styleSelector><simpleSelector value="zText.title-background"/></styleSelector></styleDeclaration><styleDeclaration><styleBlock><styleBlock><color><color value="#333333"/></color><fontClass><string value="strong"/></fontClass></styleBlock></styleBlock><styleSelector><simpleSelector value="zText.subtitle"/></styleSelector></styleDeclaration><styleDeclaration><styleBlock><styleBlock><backgroundAlpha><double value="0.4"/></backgroundAlpha><backgroundColor><color value="#FFFFFF"/></backgroundColor><backgroundPadding><double value="8"/></backgroundPadding></styleBlock></styleBlock><styleSelector><simpleSelector value="zText.subtitle-background"/></styleSelector></styleDeclaration><styleDeclaration><styleBlock><styleBlock><color><color value="#FFFFFF"/></color></styleBlock></styleBlock><styleSelector><simpleSelector value="zLine"/></styleSelector></styleDeclaration><styleDeclaration><styleBlock><styleBlock><color><color value="#A6E456"/></color><alpha><double value="0.8"/></alpha></styleBlock></styleBlock><styleSelector><simpleSelector value="zMarker"/></styleSelector></styleDeclaration><styleDeclaration><styleBlock><styleBlock><gradEndAlpha><double value="1"/></gradEndAlpha><gradStartAlpha><double value="1"/></gradStartAlpha><borderAlpha><double value="0"/></borderAlpha><radius><double value="0"/></radius><thickness><double value="100"/></thickness></styleBlock></styleBlock><styleSelector><simpleSelector value="zTriangle"/></styleSelector></styleDeclaration><styleDeclaration><styleBlock><styleBlock><gradEndAlpha><double value="1"/></gradEndAlpha><gradStartAlpha><double value="1"/></gradStartAlpha><borderAlpha><double value="0"/></borderAlpha><radius><double value="0"/></radius><thickness><double value="100"/></thickness></styleBlock></styleBlock><styleSelector><simpleSelector value="zSquare"/></styleSelector></styleDeclaration></array></styleDeclarations></documentStyle></documentStyle><path><array><flyToObject><target><ref value="1_24309637"/></target></flyToObject><flyToObject><target><ref value="0_24309637"/></target></flyToObject><flyToObject><target><ref value="12_4"/></target></flyToObject><flyToObject><target><ref value="0_29212885"/></target></flyToObject><flyToObject><target><ref value="4_29212885"/></target></flyToObject><flyToObject><target><ref value="12_29212885"/></target></flyToObject><flyToObject><target><ref value="2_29212885"/></target></flyToObject><flyToObject><target><ref value="8_29212885"/></target></flyToObject><flyToObject><target><ref value="1_29212885"/></target></flyToObject><flyToObject><target><ref value="6_29212885"/></target></flyToObject><flyToObject><target><ref value="9_29212885"/></target></flyToObject><flyToObject><target><ref value="11_29212885"/></target></flyToObject><flyToObject><target><ref value="16_29212885"/></target></flyToObject><flyToObject><target><ref value="18_29212885"/></target></flyToObject><flyToObject><target><ref value="19_29212885"/></target></flyToObject><flyToObject><target><ref value="21_29212885"/></target></flyToObject><flyToObject><target><ref value="49_24309637"/></target></flyToObject><flyToObject><target><ref value="22_29212885"/></target></flyToObject><flyToObject><target><ref value="61_24309637"/></target></flyToObject><flyToObject><target><ref value="23_29212885"/></target></flyToObject><flyToObject><target><ref value="24_29212885"/></target></flyToObject><flyToObject><target><ref value="26_29212885"/></target></flyToObject><flyToObject><target><ref value="27_29212885"/></target></flyToObject><flyToObject><target><ref value="30_29212885"/></target></flyToObject><flyToObject><target><ref value="33_29212885"/></target></flyToObject><flyToObject><target><ref value="34_29212885"/></target></flyToObject><flyToObject><target><ref value="35_29212885"/></target></flyToObject><flyToObject><target><ref value="37_29212885"/></target></flyToObject><flyToObject><target><ref value="38_29212885"/></target></flyToObject><flyToObject><target><ref value="40_29212885"/></target></flyToObject><flyToObject><target><ref value="5_24309637"/></target></flyToObject><flyToObject><target><ref value="53_24309637"/></target></flyToObject><flyToObject><target><ref value="43_29212885"/></target></flyToObject><flyToObject><target><ref value="45_29212885"/></target></flyToObject><flyToObject><target><ref value="57_24309637"/></target></flyToObject><flyToObject><target><ref value="48_29212885"/></target></flyToObject><flyToObject><target><ref value="47_29212885"/></target></flyToObject><flyToObject><target><ref value="50_29212885"/></target></flyToObject><flyToObject><target><ref value="52_29212885"/></target></flyToObject><flyToObject><target><ref value="53_29212885"/></target></flyToObject><flyToObject><target><ref value="56_29212885"/></target></flyToObject><flyToObject><target><ref value="54_29212885"/></target></flyToObject><flyToObject><target><ref value="59_29212885"/></target></flyToObject><flyToObject><target><ref value="61_29212885"/></target></flyToObject><flyToObject><target><ref value="64_29212885"/></target></flyToObject><flyToObject><target><ref value="65_29212885"/></target></flyToObject><flyToObject><target><ref value="11_24309637"/></target></flyToObject><flyToObject><target><ref value="9_24309637"/></target></flyToObject><flyToObject><target><ref value="1_24309637"/></target></flyToObject></array></path><zObjects><array><zInvisibleFrame><id><string value="1_24309637"/></id><width><double value="1197.448853773701"/></width><height><double value="673.5649802477071"/></height><styleClasses><array><token value="invisible"/></array></styleClasses><localToWorld><transform2D x="0" y="1.6949030910626771E-12" scale="149.0955172410033" rotation="0"/></localToWorld></zInvisibleFrame><zCircleFrame><id><string value="0_24309637"/></id><width><double value="800"/></width><height><double value="800"/></height><styleClasses><array><token value="circle"/></array></styleClasses><localToWorld><transform2D x="-51891.617752730184" y="12457.073399924726" scale="18.93721044919655" rotation="0"/></localToWorld></zCircleFrame><zCircleFrame><id><string value="3_24309637"/></id><width><double value="800"/></width><height><double value="800"/></height><styleClasses><array><token value="circle"/></array></styleClasses><localToWorld><transform2D x="-19165.781575577985" y="7829.4608595068985" scale="27.43526852265827" rotation="0"/></localToWorld></zCircleFrame><zCircleFrame><id><string value="7_24309637"/></id><width><double value="800"/></width><height><double value="800"/></height><styleClasses><array><token value="circle"/></array></styleClasses><localToWorld><transform2D x="20569.283503362083" y="19894.672125910834" scale="28.946804371696338" rotation="0"/></localToWorld></zCircleFrame><zCircleFrame><id><string value="11_24309637"/></id><width><double value="800"/></width><height><double value="800"/></height><styleClasses><array><token value="circle"/></array></styleClasses><localToWorld><transform2D x="43796.64007413921" y="13298.31870724837" scale="20.424598838224338" rotation="0"/></localToWorld></zCircleFrame><zText><id><string value="33_24309637"/></id><text><text><width>401.5542184815218</width><p><span><![CDATA[Solar Predictions]]></span></p></text></text><styleClasses><array><token value="title"/></array></styleClasses><localToWorld><transform2D x="538.4769289419182" y="-28121.55813573592" scale="372.46876200662376" rotation="0"/></localToWorld></zText><zText><id><string value="5_24309637"/></id><text><text><width>220.4993900181616</width><p align="center"><span><![CDATA[Analysis]]></span></p></text></text><styleClasses><array><token value="title"/></array></styleClasses><localToWorld><transform2D x="20565.45185101435" y="10995.123297628392" scale="51.052268655839185" rotation="0"/></localToWorld></zText><zText><id><string value="6_24309637"/></id><text><text><width>390.9237784827681</width><p><span><![CDATA[Click to add text]]></span></p></text></text><isPlaceholder><bool value="true"/></isPlaceholder><styleClasses><array><token value="body"/></array></styleClasses><localToWorld><transform2D x="21767.170790042004" y="12799.491191224959" scale="29.456901338168933" rotation="0"/></localToWorld></zText><zText><id><string value="8_24309637"/></id><text><text><width>220.4993900181616</width><p align="center"><span><![CDATA[Summary]]></span></p></text></text><styleClasses><array><token value="title"/></array></styleClasses><localToWorld><transform2D x="43725.04043227804" y="9177.0188970422" scale="45.0275138184305" rotation="0"/></localToWorld></zText><zText><id><string value="9_24309637"/></id><text><text><width>661.6501146615954</width><p indent="1" listType="bullet"><span><![CDATA[Challenges in analyzing the data include using mixed individual and aggregate level indicators, auto-correlation of time and location, and no direct measures of decision processes.]]></span></p><p indent="1" listType="bullet"><span><![CDATA[Residential prices were not well predicted. (R2 = .22) Only high value residential installations that are more like non-residential installations appear to be predicted. We need indicators about the families purchasing the systems for their homes.]]></span></p><p indent="1" listType="bullet"><span><![CDATA[Commercial prices were strongly predicted (R2 = .91).  Larger purchasing decisions probably include population based factors, like land purchases and how many people in an area will be using energy from the installation, but there are likely to be problems that need to be worked out in the numerical analysis. ]]></span></p></text></text><styleClasses><array><token value="body"/></array></styleClasses><localToWorld><transform2D x="43959.4" y="14371.4" scale="18.410937271552886" rotation="0"/></localToWorld></zText><zText><id><string value="12_4"/></id><text><text><width>220.4993900181616</width><p align="center"><span><![CDATA[Question]]></span></p></text></text><styleClasses><array><token value="title"/></array></styleClasses><localToWorld><transform2D x="-51719.07882798208" y="7362.053884674416" scale="41.7484579226064" rotation="0"/></localToWorld></zText><zText><id><string value="25_4"/></id><text><text><width>578.2786914829343</width><p><span><![CDATA[What factors affect the price of solar installations?]]></span></p></text></text><styleClasses><array><token value="subtitle"/></array></styleClasses><localToWorld><transform2D x="-51844.44070170337" y="9672.061560674087" scale="20.70179904741731" rotation="0"/></localToWorld></zText><zText><id><string value="49_24309637"/></id><text><text><width>220.4993900181616</width><p align="center"><span><![CDATA[Installations]]></span></p></text></text><styleClasses><array><token value="title"/></array></styleClasses><localToWorld><transform2D x="-18902.13375877211" y="-326.9053398675837" scale="48.3864360735222" rotation="0"/></localToWorld></zText><zImage><id><string value="22_29212885"/></id><onlineAssetId><string value="832353690"/></onlineAssetId><onlineAssetUrl><string value="http://0103.static.prezi.com.s3.amazonaws.com/media/5/5/f/5/4/da8459a4d8d8b578f0469c0c15c.png"/></onlineAssetUrl><assetSourceFilename><string value="Installations by Customer Segment Map.png"/></assetSourceFilename><width><double value="721"/></width><height><double value="822"/></height><localToWorld><transform2D x="-18899.423446643104" y="7409.367904052346" scale="14.801892598747502" rotation="0"/></localToWorld></zImage><zCircleFrame><id><string value="53_24309637"/></id><width><double value="600.0000000000006"/></width><height><double value="600"/></height><styleClasses><array><token value="circle"/></array></styleClasses><localToWorld><transform2D x="15105.481751370604" y="17347.86807801134" scale="12.21620198802281" rotation="0"/></localToWorld></zCircleFrame><zText><id><string value="54_24309637"/></id><text><text><width>220.4993900181616</width><p align="center"><span><![CDATA[Correlations]]></span></p></text></text><styleClasses><array><token value="title"/></array></styleClasses><localToWorld><transform2D x="15073.32328815913" y="15496.815965391612" scale="20.223783373685283" rotation="-2.514868596166465E-17"/></localToWorld></zText><zCircleFrame><id><string value="57_24309637"/></id><width><double value="800"/></width><height><double value="800"/></height><styleClasses><array><token value="circle"/></array></styleClasses><localToWorld><transform2D x="25393.674332588507" y="19808.781286372974" scale="13.915345937949837" rotation="0"/></localToWorld></zCircleFrame><zText><id><string value="58_24309637"/></id><text><text><width>220.4993900181616</width><p align="center"><span><![CDATA[OLS Regression]]></span></p></text></text><styleClasses><array><token value="title"/></array></styleClasses><localToWorld><transform2D x="25344.89326259428" y="17000.926256892686" scale="30.677392318553363" rotation="0"/></localToWorld></zText><zCircleFrame><id><string value="60_24309637"/></id><width><double value="800"/></width><height><double value="800"/></height><styleClasses><array><token value="circle"/></array></styleClasses><localToWorld><transform2D x="-34954.68704221885" y="-110.28885509563004" scale="18.935635410611702" rotation="-0.046198353390664054"/></localToWorld></zCircleFrame><zText><id><string value="61_24309637"/></id><text><text><width>281.227768769161</width><p align="center"><span><![CDATA[Installations by]]></span></p><p align="center"><span><![CDATA[Customer Segment]]></span></p></text></text><styleClasses><array><token value="title"/></array></styleClasses><localToWorld><transform2D x="-35369.990254601646" y="-4344.630342793736" scale="43.255569033786664" rotation="-0.04619835339066344"/></localToWorld></zText><zCircleFrame><id><string value="0_29212885"/></id><width><double value="800"/></width><height><double value="800"/></height><styleClasses><array><token value="circle"/></array></styleClasses><localToWorld><transform2D x="-56156.83337077361" y="13649.340367213563" scale="6.5561894202413535" rotation="0"/></localToWorld></zCircleFrame><zCircleFrame><id><string value="1_29212885"/></id><width><double value="800"/></width><height><double value="800"/></height><styleClasses><array><token value="circle"/></array></styleClasses><localToWorld><transform2D x="-50388.03824696237" y="14523.311786043228" scale="4.714677425912331" rotation="0"/></localToWorld></zCircleFrame><zCircleFrame><id><string value="2_29212885"/></id><width><double value="738.4963922532181"/></width><height><double value="738.4963922532181"/></height><styleClasses><array><token value="circle"/></array></styleClasses><localToWorld><transform2D x="-53050.39869983804" y="16287.724982024967" scale="5.709779655865615" rotation="0"/></localToWorld></zCircleFrame><zText><id><string value="3_29212885"/></id><text><text><width>-185.3671875</width><p><span><![CDATA[Installation Data]]></span></p></text></text><styleClasses><array><token value="title"/></array></styleClasses><localToWorld><transform2D x="-56120.297384610225" y="11946.750237967375" scale="11.241841896419421" rotation="0"/></localToWorld></zText><zText><id><string value="4_29212885"/></id><text><text><width>424.2512870702931</width><p align="center"><span><![CDATA[Electricity Markets Policy Group]]></span></p><p align="center"><span><![CDATA[Tracking the Sun]]></span></p><p align="center"/><p align="center"><span><![CDATA[https://emp.lbl.gov/tracking-the-sun/]]></span></p></text></text><styleClasses><array><token value="subtitle"/></array></styleClasses><localToWorld><transform2D x="-56120.13991425788" y="13001.575768381561" scale="9.29077842679291" rotation="0"/></localToWorld></zText><zText><id><string value="5_29212885"/></id><text><text><width>290.0949922708683</width><p><span><![CDATA[Income and Population]]></span></p></text></text><styleClasses><array><token value="title"/></array></styleClasses><localToWorld><transform2D x="-50193.7321378727" y="13495.2625066264" scale="8.084217037886162" rotation="0"/></localToWorld></zText><zText><id><string value="6_29212885"/></id><text><text><width>420.3768754703917</width><p align="center"><span><![CDATA[Census Data API]]></span></p><p align="center"/><p align="center"><span><![CDATA[https://www.census.gov/developers/]]></span></p></text></text><styleClasses><array><token value="subtitle"/></array></styleClasses><localToWorld><transform2D x="-50299.57388763723" y="14164.775283378154" scale="8.084217037886162" rotation="0"/></localToWorld></zText><zText><id><string value="7_29212885"/></id><text><text><width>255.37146294905628</width><p align="center"><span><![CDATA[Location]]></span></p></text></text><styleClasses><array><token value="title"/></array></styleClasses><localToWorld><transform2D x="-52985.827320598975" y="15048.043678615393" scale="9.142451816794074" rotation="0"/></localToWorld></zText><zText><id><string value="8_29212885"/></id><text><text><width>558.3923802063882</width><p align="center"><span><![CDATA[Google Maps Platform]]></span></p><p align="center"><span><![CDATA[Places API]]></span></p><p align="center"/><p align="center"><span><![CDATA[https://cloud.google.com/maps-platform/places/]]></span></p></text></text><styleClasses><array><token value="subtitle"/></array></styleClasses><localToWorld><transform2D x="-53050.16761515055" y="16295.35077671163" scale="6.637814594135955" rotation="0"/></localToWorld></zText><zCircleFrame><id><string value="9_29212885"/></id><width><double value="800"/></width><height><double value="800"/></height><styleClasses><array><token value="circle"/></array></styleClasses><localToWorld><transform2D x="-47687.941909829045" y="15832.809515449027" scale="4.024506522531396" rotation="0"/></localToWorld></zCircleFrame><zText><id><string value="10_29212885"/></id><text><text><width>-143.6015625</width><p><span><![CDATA[Temperature]]></span></p></text></text><styleClasses><array><token value="title"/></array></styleClasses><localToWorld><transform2D x="-47645.99224081392" y="14862.638751424292" scale="8.93814577129338" rotation="0"/></localToWorld></zText><zText><id><string value="11_29212885"/></id><text><text><width>-412.06640625</width><p align="center"><span><![CDATA[Applied Climate Information System]]></span></p><p align="center"/><p align="center"><span><![CDATA[ http://www.rcc-acis.org/]]></span></p></text></text><styleClasses><array><token value="subtitle"/></array></styleClasses><localToWorld><transform2D x="-47646.16136602727" y="15527.222457807457" scale="6.104873827807783" rotation="0"/></localToWorld></zText><zText><id><string value="12_29212885"/></id><text><text><width>406.93359375</width><p align="center"><span><![CDATA[Nationwide Data Set]]></span></p><p align="center"><span><![CDATA[Arizona 1998-2018 N=139002]]></span></p><p align="center"/><p align="center"><span><![CDATA[Recoded cities, manufacturers]]></span></p><p align="center"><span><![CDATA[Added country and region to manufacturers.]]></span></p></text></text><styleClasses><array><token value="body"/></array></styleClasses><localToWorld><transform2D x="-55931.87746406626" y="14692.602051331798" scale="11.241841896419421" rotation="0"/></localToWorld></zText><zText><id><string value="13_29212885"/></id><text><text><width>517.8264319288671</width><p><span><![CDATA[Added latitude and longitude to installation cities]]></span></p></text></text><styleClasses><array><token value="body"/></array></styleClasses><localToWorld><transform2D x="-53032.2766340438" y="17195.748452210482" scale="6.637814594135955" rotation="0"/></localToWorld></zText><zText><id><string value="14_29212885"/></id><text><text><width>552</width><p align="center"><span><![CDATA[Added income and population 2013 - 2018 to installation cities]]></span></p></text></text><styleClasses><array><token value="body"/></array></styleClasses><localToWorld><transform2D x="-50366.45655983813" y="15127.15019989333" scale="6.032180418857727" rotation="0"/></localToWorld></zText><zText><id><string value="15_29212885"/></id><text><text><width>714.8036153595184</width><p align="center"><span><![CDATA[Added August 1, 2018 to installation city average temperature]]></span></p></text></text><styleClasses><array><token value="body"/></array></styleClasses><localToWorld><transform2D x="-47703.36984040952" y="16153.251803316676" scale="4.179958045588524" rotation="0"/></localToWorld></zText><zCircleFrame><id><string value="16_29212885"/></id><width><double value="800"/></width><height><double value="800"/></height><styleClasses><array><token value="circle"/></array></styleClasses><localToWorld><transform2D x="-47051.852501706584" y="11849.276142458004" scale="4.162724526652129" rotation="0"/></localToWorld></zCircleFrame><zText><id><string value="17_29212885"/></id><text><text><width>220.4993900181616</width><p align="center"><span><![CDATA[Technologies]]></span></p></text></text><styleClasses><array><token value="title"/></array></styleClasses><localToWorld><transform2D x="-47063.52664375992" y="10853.032302858937" scale="7.341623211531088" rotation="0"/></localToWorld></zText><zText><id><string value="18_29212885"/></id><text><text><width>390.9237784827681</width><p indent="1" listType="bullet"><span><![CDATA[AWS PostgreSQL Database]]></span></p><p indent="1" listType="bullet"><span><![CDATA[Python]]></span></p><p indent="1" listType="bullet"><span><![CDATA[Jupyter Notebook]]></span></p><p indent="1" listType="bullet"><span><![CDATA[Tableau]]></span></p></text></text><styleClasses><array><token value="body"/></array></styleClasses><localToWorld><transform2D x="-47009.044675003635" y="11423.718260887435" scale="5.635464828521898" rotation="0"/></localToWorld></zText><zCircleFrame><id><string value="19_29212885"/></id><width><double value="800"/></width><height><double value="800"/></height><styleClasses><array><token value="circle"/></array></styleClasses><localToWorld><transform2D x="-46952.28938215979" y="12552.849876412325" scale="1.8277775475576308" rotation="-0.046198353390664006"/></localToWorld></zCircleFrame><zText><id><string value="20_29212885"/></id><text><text><width>220.4993900181616</width><p align="center"><span><![CDATA[Python Libraries]]></span></p></text></text><styleClasses><array><token value="subtitle"/></array></styleClasses><localToWorld><transform2D x="-46975.72233477496" y="12184.728161959054" scale="4.02946855561464" rotation="-0.046198353390664075"/></localToWorld></zText><zText><id><string value="21_29212885"/></id><text><text><width>194.17377848276814</width><p indent="1" listType="bullet"><span><![CDATA[Matplotlib]]></span></p><p indent="1" listType="bullet"><span><![CDATA[Pandas]]></span></p><p indent="1" listType="bullet"><span><![CDATA[SqlAlchemy]]></span></p><p indent="1" listType="bullet"><span><![CDATA[Psycopg2]]></span></p><p indent="1" listType="bullet"><span><![CDATA[Statsmodels]]></span></p></text></text><styleClasses><array><token value="body"/></array></styleClasses><localToWorld><transform2D x="-46925.1" y="12496.15" scale="3.188390844325844" rotation="-0.04619835339066404"/></localToWorld></zText><zImage><id><string value="23_29212885"/></id><onlineAssetId><string value="832434264"/></onlineAssetId><onlineAssetUrl><string value="http://0103.static.prezi.com.s3.amazonaws.com/media/b/a/d/c/5/ec5dc5a4c16b0992f1a4b0d4896.png"/></onlineAssetUrl><assetSourceFilename><string value="Installations by Customer Segment.png"/></assetSourceFilename><width><double value="1625"/></width><height><double value="1392"/></height><localToWorld><transform2D x="-34894.22623318722" y="1186.2827703103062" scale="5.758289567220988" rotation="-0.046198353390664054"/></localToWorld></zImage><zCircleFrame><id><string value="24_29212885"/></id><width><double value="800"/></width><height><double value="800"/></height><styleClasses><array><token value="circle"/></array></styleClasses><localToWorld><transform2D x="-2728.2418861653105" y="1175.2330362458993" scale="19.715897978772674" rotation="0"/></localToWorld></zCircleFrame><zText><id><string value="25_29212885"/></id><text><text><width>-226.7109375</width><p align="center"><span><![CDATA[Price Trend by]]></span></p><p align="center"><span><![CDATA[Customer  Segment]]></span></p></text></text><styleClasses><array><token value="title"/></array></styleClasses><localToWorld><transform2D x="-2266.86336758944" y="-2607.9457247472055" scale="43.25556903378667" rotation="0"/></localToWorld></zText><zImage><id><string value="26_29212885"/></id><onlineAssetId><string value="832524546"/></onlineAssetId><onlineAssetUrl><string value="http://0103.static.prezi.com.s3.amazonaws.com/media/c/7/7/b/e/7b71fff4aafa5f7a25a8bb3686a.png"/></onlineAssetUrl><assetSourceFilename><string value="Price Trend by Customer Segment.png"/></assetSourceFilename><width><double value="1800"/></width><height><double value="1143"/></height><localToWorld><transform2D x="-2590.2244531344804" y="2476.391343716305" scale="6.142622624623636" rotation="0"/></localToWorld></zImage><zCircleFrame><id><string value="27_29212885"/></id><width><double value="800"/></width><height><double value="800"/></height><styleClasses><array><token value="circle"/></array></styleClasses><localToWorld><transform2D x="-30206.63716330026" y="20816.031092945843" scale="17.916950486407213" rotation="0"/></localToWorld></zCircleFrame><zText><id><string value="28_29212885"/></id><text><text><width>-166.7109375</width><p><span><![CDATA[Demographics]]></span></p></text></text><styleClasses><array><token value="title"/></array></styleClasses><localToWorld><transform2D x="-30077.79309439839" y="15327.192969575235" scale="33.357687741590226" rotation="0"/></localToWorld></zText><zCircleFrame><id><string value="29_29212885"/></id><width><double value="3136.7315509486943"/></width><height><double value="3136.7315509486943"/></height><styleClasses><array><token value="circle"/></array></styleClasses><localToWorld><transform2D x="-32731.81412533865" y="18434.292188196294" scale="1.4098675190619623" rotation="0"/></localToWorld></zCircleFrame><zImage><id><string value="30_29212885"/></id><onlineAssetId><string value="832587991"/></onlineAssetId><onlineAssetUrl><string value="http://0103.static.prezi.com.s3.amazonaws.com/media/9/2/1/3/e/9a1b69e4c2e8ea81d90f94aa484.png"/></onlineAssetUrl><assetSourceFilename><string value="Price by Income.png"/></assetSourceFilename><width><double value="1362"/></width><height><double value="899"/></height><localToWorld><transform2D x="-32709.089200564682" y="18434.292188196294" scale="2.240476691144674" rotation="0"/></localToWorld></zImage><zCircleFrame><id><string value="31_29212885"/></id><width><double value="800"/></width><height><double value="800"/></height><styleClasses><array><token value="circle"/></array></styleClasses><localToWorld><transform2D x="-27197.148272363673" y="19810.29680753689" scale="4.997614279143162" rotation="0"/></localToWorld></zCircleFrame><zCircleFrame><id><string value="32_29212885"/></id><width><double value="800"/></width><height><double value="800"/></height><styleClasses><array><token value="circle"/></array></styleClasses><localToWorld><transform2D x="-30895.4734151641" y="23674.99341794851" scale="4.997614279143162" rotation="0"/></localToWorld></zCircleFrame><zImage><id><string value="33_29212885"/></id><onlineAssetId><string value="832670339"/></onlineAssetId><onlineAssetUrl><string value="http://0103.static.prezi.com.s3.amazonaws.com/media/6/8/a/2/9/2d61de24597b60ec66d2f0396ab.png"/></onlineAssetUrl><assetSourceFilename><string value="Price by Population.png"/></assetSourceFilename><width><double value="1364"/></width><height><double value="898"/></height><localToWorld><transform2D x="-27197.148272363673" y="19810.29680753689" scale="2.0282196602960725" rotation="0"/></localToWorld></zImage><zImage><id><string value="34_29212885"/></id><onlineAssetId><string value="832674968"/></onlineAssetId><onlineAssetUrl><string value="http://0103.static.prezi.com.s3.amazonaws.com/media/a/b/0/f/4/55e3c4d41ff994db86196433346.png"/></onlineAssetUrl><assetSourceFilename><string value="Price by Temperature.png"/></assetSourceFilename><width><double value="1364"/></width><height><double value="900"/></height><localToWorld><transform2D x="-30895.4734151641" y="23674.99341794851" scale="2.0282196602960725" rotation="0"/></localToWorld></zImage><zCircleFrame><id><string value="35_29212885"/></id><width><double value="800"/></width><height><double value="800"/></height><styleClasses><array><token value="circle"/></array></styleClasses><localToWorld><transform2D x="-15838.23013970704" y="23673.32553356143" scale="17.85017296526815" rotation="0"/></localToWorld></zCircleFrame><zText><id><string value="36_29212885"/></id><text><text><width>-165.375</width><p><span><![CDATA[Manufacturers]]></span></p></text></text><styleClasses><array><token value="title"/></array></styleClasses><localToWorld><transform2D x="-15506.938555136858" y="19598.986510459818" scale="37.07790543672226" rotation="0"/></localToWorld></zText><zImage><id><string value="37_29212885"/></id><onlineAssetId><string value="832836290"/></onlineAssetId><onlineAssetUrl><string value="http://0103.static.prezi.com.s3.amazonaws.com/media/6/2/3/0/5/fb1afa840569a50ee79bee86ef8.png"/></onlineAssetUrl><assetSourceFilename><string value="Module 1 Manufacturer Country.png"/></assetSourceFilename><width><double value="870"/></width><height><double value="913"/></height><localToWorld><transform2D x="-15505.015022041991" y="24285.157021814088" scale="8.435009139478824" rotation="0"/></localToWorld></zImage><zCircleFrame><id><string value="38_29212885"/></id><width><double value="800"/></width><height><double value="800"/></height><styleClasses><array><token value="circle"/></array></styleClasses><localToWorld><transform2D x="-4789.330017498816" y="15591.800221516041" scale="15.46334699107094" rotation="0"/></localToWorld></zCircleFrame><zText><id><string value="39_29212885"/></id><text><text><width>-78.69140625</width><p><span><![CDATA[Trends]]></span></p></text></text><styleClasses><array><token value="title"/></array></styleClasses><localToWorld><transform2D x="-4877.519404465646" y="11173.74387465048" scale="33.357687741590226" rotation="0"/></localToWorld></zText><zImage><id><string value="40_29212885"/></id><onlineAssetId><string value="832877023"/></onlineAssetId><onlineAssetUrl><string value="http://0103.static.prezi.com.s3.amazonaws.com/media/1/f/8/9/4/f2d6f07497db91aeb585170cd89.png"/></onlineAssetUrl><assetSourceFilename><string value="Installation Trend by Module 1 Region.png"/></assetSourceFilename><width><double value="1362"/></width><height><double value="904"/></height><localToWorld><transform2D x="-4789.121531950432" y="15591.591735967657" scale="6.647790045269119" rotation="0"/></localToWorld></zImage><zCircleFrame><id><string value="42_29212885"/></id><width><double value="800"/></width><height><double value="800"/></height><styleClasses><array><token value="circle"/></array></styleClasses><localToWorld><transform2D x="13465.375506464881" y="17567.582564594515" scale="2.9747477517926035" rotation="0"/></localToWorld></zCircleFrame><zImage><id><string value="43_29212885"/></id><onlineAssetId><string value="833086091"/></onlineAssetId><onlineAssetUrl><string value="http://0103.static.prezi.com.s3.amazonaws.com/media/e/8/1/4/2/78db8b242e09a3dd9f224f810c2.png"/></onlineAssetUrl><assetSourceFilename><string value="All Years Correlation Matrix.png"/></assetSourceFilename><width><double value="869"/></width><height><double value="713"/></height><localToWorld><transform2D x="13465.375506464881" y="17567.582564594515" scale="1.587815153327104" rotation="0"/></localToWorld></zImage><zCircleFrame><id><string value="44_29212885"/></id><width><double value="800"/></width><height><double value="800"/></height><styleClasses><array><token value="circle"/></array></styleClasses><localToWorld><transform2D x="15105.056202936717" y="18312.072047884492" scale="1.8239791510344732" rotation="0"/></localToWorld></zCircleFrame><zImage><id><string value="45_29212885"/></id><onlineAssetId><string value="833097595"/></onlineAssetId><onlineAssetUrl><string value="http://0103.static.prezi.com.s3.amazonaws.com/media/0/1/5/d/4/75b5b9849d6afc4a7bcce1d9f93.png"/></onlineAssetUrl><assetSourceFilename><string value="Limited Correlation Matrix.png"/></assetSourceFilename><width><double value="864"/></width><height><double value="706"/></height><localToWorld><transform2D x="15105.056202936717" y="18312.072047884492" scale="0.9832285846524931" rotation="0"/></localToWorld></zImage><zCircleFrame><id><string value="46_29212885"/></id><width><double value="800"/></width><height><double value="800"/></height><styleClasses><array><token value="circle"/></array></styleClasses><localToWorld><transform2D x="22477.248845928538" y="18763.369782767106" scale="3.071288363741206" rotation="0"/></localToWorld></zCircleFrame><zCircleFrame><id><string value="49_29212885"/></id><width><double value="800"/></width><height><double value="800"/></height><styleClasses><array><token value="circle"/></array></styleClasses><localToWorld><transform2D x="25393.339714155503" y="18763.157368054162" scale="2.7565252056458514" rotation="0"/></localToWorld></zCircleFrame><zText><id><string value="47_29212885"/></id><text><text><width>596.314478951566</width><p><span><![CDATA[# Limit Variables]]></span></p><p/><p><span><![CDATA[variables = []]></span></p><p><span><![CDATA[    "total_installed_price",]]></span></p><p><span><![CDATA[    "install_yr",]]></span></p><p><span><![CDATA[    "system_size",]]></span></p><p><span><![CDATA[    "residential",]]></span></p><p><span><![CDATA[    "non_residential",]]></span></p><p><span><![CDATA[    "america",]]></span></p><p><span><![CDATA[    "china",]]></span></p><p><span><![CDATA[    "asia",]]></span></p><p><span><![CDATA[    "north_america",]]></span></p><p><span><![CDATA[    "inverter_loading_ratio",]]></span></p><p><span><![CDATA[    "discounts",]]></span></p><p><span><![CDATA[    "temperature",]]></span></p><p><span><![CDATA[    "income",]]></span></p><p><span><![CDATA[    "log_population",]]></span></p><p><span><![CDATA[    "module_efficiency_1"]]></span></p><p><span><![CDATA[]]]></span></p><p><span><![CDATA[variables_df = installations_df[variables]]]></span></p><p><span><![CDATA[df_all_cleaned = installations_df[variables].dropna()]]></span></p><p/><p><span><![CDATA[# Define Model]]></span></p><p/><p><span><![CDATA[y = df_all_cleaned["total_installed_price"]]]></span></p><p><span><![CDATA[predictors = ["install_yr",]]></span></p><p><span><![CDATA[              "system_size",]]></span></p><p><span><![CDATA[              "residential",]]></span></p><p><span><![CDATA[              "asia",]]></span></p><p><span><![CDATA[              "north_america",]]></span></p><p><span><![CDATA[              "inverter_loading_ratio",]]></span></p><p><span><![CDATA[              "discounts",]]></span></p><p><span><![CDATA[              "temperature",]]></span></p><p><span><![CDATA[              "income",]]></span></p><p><span><![CDATA[              "log_population",]]></span></p><p><span><![CDATA[              "module_efficiency_1"]]></span></p><p><span><![CDATA[             ]]]></span></p><p><span><![CDATA[predictors_df = df_all_cleaned[predictors]]]></span></p><p><span><![CDATA[model = sm.OLS(y, predictors_df).fit()]]></span></p><p><span><![CDATA[predictions = model.predict(predictors_df)]]></span></p><p><span><![CDATA[model.summary()]]></span></p></text></text><styleClasses><array><token value="body"/></array></styleClasses><localToWorld><transform2D x="25413.49946597668" y="18767.447523364488" scale="1.4959980351579565" rotation="0"/></localToWorld></zText><zText><id><string value="48_29212885"/></id><text><text><width>1230.345454545455</width><p><span><![CDATA[# Dependencies]]></span></p><p/><p><span><![CDATA[%matplotlib inline]]></span></p><p><span><![CDATA[import numpy as np]]></span></p><p><span><![CDATA[import pandas as pd]]></span></p><p><span><![CDATA[import matplotlib.pyplot as plt]]></span></p><p><span><![CDATA[import databaseconfig as cfg]]></span></p><p><span><![CDATA[import sqlalchemy as db]]></span></p><p><span><![CDATA[import psycopg2]]></span></p><p><span><![CDATA[import statsmodels.api as sm]]></span></p><p><span><![CDATA[import statsmodels.graphics.api as smg]]></span></p><p/><p><span><![CDATA[# Connect to Database]]></span></p><p/><p><span><![CDATA[engine = db.create_engine(f"postgresql+psycopg2://{cfg.user}:{cfg.password}@{cfg.host}:{cfg.port}/{cfg.database}")]]></span></p><p><span><![CDATA[metadata = db.MetaData()]]></span></p><p><span><![CDATA[connection = engine.connect()]]></span></p><p/><p><span><![CDATA[# Read Data into Pandas DataFrame]]></span></p><p/><p><span><![CDATA[installations = db.Table('combined_data',metadata,autoload=True,autoload_with=engine)]]></span></p><p><span><![CDATA[installation_results = connection.execute(db.select([installations])).fetchall()]]></span></p><p><span><![CDATA[installations_df= pd.DataFrame(installation_results)]]></span></p><p><span><![CDATA[installations_df.columns = installation_results[0].keys()]]></span></p><p><span><![CDATA[installations_df=installations_df.sort_values('installation_date')]]></span></p></text></text><styleClasses><array><token value="body"/></array></styleClasses><localToWorld><transform2D x="22513.93396906874" y="18730.479672365553" scale="1.5652245434365155" rotation="0"/></localToWorld></zText><zCircleFrame><id><string value="50_29212885"/></id><width><double value="800"/></width><height><double value="800"/></height><styleClasses><array><token value="circle"/></array></styleClasses><localToWorld><transform2D x="28280.26145291506" y="18763.56572305245" scale="3.0598126329017044" rotation="0"/></localToWorld></zCircleFrame><zText><id><string value="51_29212885"/></id><text><text><width>-138.66796875</width><p><span><![CDATA[Initial Model]]></span></p></text></text><styleClasses><array><token value="title"/></array></styleClasses><localToWorld><transform2D x="28280.206993337444" y="17914.08471281008" scale="6.972992611883541" rotation="0"/></localToWorld></zText><zImage><id><string value="52_29212885"/></id><onlineAssetId><string value="833438766"/></onlineAssetId><onlineAssetUrl><string value="http://0103.static.prezi.com.s3.amazonaws.com/media/c/9/7/2/8/34ce8764ad2b2df2cb58d0292c5.png"/></onlineAssetUrl><assetSourceFilename><string value="Initial Model.png"/></assetSourceFilename><width><double value="501"/></width><height><double value="704"/></height><localToWorld><transform2D x="28315.019721498953" y="18886.75927705675" scale="2.329829953874801" rotation="0"/></localToWorld></zImage><zCircleFrame><id><string value="53_29212885"/></id><width><double value="800"/></width><height><double value="800"/></height><styleClasses><array><token value="circle"/></array></styleClasses><localToWorld><transform2D x="23602.747476847497" y="21947.694245368486" scale="4.3680928521363525" rotation="0"/></localToWorld></zCircleFrame><zCircleFrame><id><string value="54_29212885"/></id><width><double value="800"/></width><height><double value="800"/></height><styleClasses><array><token value="circle"/></array></styleClasses><localToWorld><transform2D x="27547.146141004843" y="21947.694245368486" scale="4.3680928521363525" rotation="0"/></localToWorld></zCircleFrame><zText><id><string value="55_29212885"/></id><text><text><width>-128.0390625</width><p><span><![CDATA[Residential]]></span></p></text></text><styleClasses><array><token value="title"/></array></styleClasses><localToWorld><transform2D x="23564.103285039175" y="20736.743107093436" scale="8.611519065922213" rotation="0"/></localToWorld></zText><zImage><id><string value="56_29212885"/></id><onlineAssetId><string value="833500841"/></onlineAssetId><onlineAssetUrl><string value="http://0103.static.prezi.com.s3.amazonaws.com/media/e/9/8/3/9/581772f4f80968ffe126794fc9b.png"/></onlineAssetUrl><assetSourceFilename><string value="Residential Regression.png"/></assetSourceFilename><width><double value="666"/></width><height><double value="713"/></height><localToWorld><transform2D x="23625.433447386786" y="22046.7267146266" scale="3.0720564958909606" rotation="0"/></localToWorld></zImage><zText><id><string value="57_29212885"/></id><text><text><width>189.98289404746</width><p><span><![CDATA[Non-Residential]]></span></p></text></text><styleClasses><array><token value="title"/></array></styleClasses><localToWorld><transform2D x="27578.228342633443" y="20689.272108242538" scale="8.611519065922213" rotation="0"/></localToWorld></zText><zImage><id><string value="59_29212885"/></id><onlineAssetId><string value="834556270"/></onlineAssetId><onlineAssetUrl><string value="http://0103.static.prezi.com.s3.amazonaws.com/media/0/2/5/2/4/e0179b94aac8be25c760392b4c0.png"/></onlineAssetUrl><assetSourceFilename><string value="Non-Residential Regression.png"/></assetSourceFilename><width><double value="678"/></width><height><double value="775"/></height><localToWorld><transform2D x="27547.226873996082" y="22000.036134691047" scale="3.0176838145477616" rotation="0"/></localToWorld></zImage><zCircleFrame><id><string value="60_29212885"/></id><width><double value="800"/></width><height><double value="800"/></height><styleClasses><array><token value="circle"/></array></styleClasses><localToWorld><transform2D x="17436.872914650106" y="25456.1616678106" scale="9.127888300440913" rotation="0"/></localToWorld></zCircleFrame><zText><id><string value="61_29212885"/></id><text><text><width>-130.69921875</width><p><span><![CDATA[Predictions]]></span></p></text></text><styleClasses><array><token value="title"/></array></styleClasses><localToWorld><transform2D x="17509.559517765905" y="22591.546578280846" scale="17.223038131844426" rotation="0"/></localToWorld></zText><zCircleFrame><id><string value="62_29212885"/></id><width><double value="800"/></width><height><double value="800"/></height><styleClasses><array><token value="circle"/></array></styleClasses><localToWorld><transform2D x="15962.580850564224" y="24223.072870561784" scale="3.6486302181722317" rotation="0"/></localToWorld></zCircleFrame><zCircleFrame><id><string value="63_29212885"/></id><width><double value="800"/></width><height><double value="800"/></height><styleClasses><array><token value="circle"/></array></styleClasses><localToWorld><transform2D x="18596.0372029174" y="26524.286052952844" scale="3.9462594199605525" rotation="0"/></localToWorld></zCircleFrame><zImage><id><string value="64_29212885"/></id><onlineAssetId><string value="834908754"/></onlineAssetId><onlineAssetUrl><string value="http://0103.static.prezi.com.s3.amazonaws.com/media/0/1/7/6/7/91a00d145e187d19990d6e22e4e.png"/></onlineAssetUrl><assetSourceFilename><string value="Residential Predictions.png"/></assetSourceFilename><width><double value="739"/></width><height><double value="574"/></height><localToWorld><transform2D x="15962.607761561305" y="24223.153603553026" scale="2.8437865836346488" rotation="0"/></localToWorld></zImage><zImage><id><string value="65_29212885"/></id><onlineAssetId><string value="834912597"/></onlineAssetId><onlineAssetUrl><string value="http://0103.static.prezi.com.s3.amazonaws.com/media/f/e/a/9/d/5f68c5642148038f4dcf0c0d5a2.png"/></onlineAssetUrl><assetSourceFilename><string value="Non-Residential Predictions.png"/></assetSourceFilename><width><double value="763"/></width><height><double value="572"/></height><localToWorld><transform2D x="18596.0372029174" y="26524.36678594409" scale="2.9368841380992365" rotation="0"/></localToWorld></zImage></array></zObjects></prezi>